{
	"tags": null,
	"position": [
		7.358891487121582,
		4.958309173583984,
		6.925790786743164
	],
	"rotation": [
		0,
		0,
		0
	],
	"rotationQuaternion": [
		0.483536034822464,
		0.33687159419059753,
		-0.20870360732078552,
		0.7804827094078064
	],
	"scaling": [
		1,
		1,
		1
	],
	"billboardMode": 0,
	"scalingDeterminant": 1,
	"infiniteDistance": false,
	"ignoreNonUniformScaling": false,
	"reIntegrateRotationIntoRotationQuaternion": false,
	"name": "Camera",
	"id": "643d6152-4c72-47cb-aa79-837827de1489",
	"state": "",
	"metadata": {},
	"type": "TransformNode",
	"uniqueId": 1537,
	"parentId": "d824b6a4-064d-4237-9663-cbef1e08c148",
	"localMatrix": {
		"0": 1,
		"1": 0,
		"2": 0,
		"3": 0,
		"4": 0,
		"5": 1,
		"6": 0,
		"7": 0,
		"8": 0,
		"9": 0,
		"10": 1,
		"11": 0,
		"12": 0,
		"13": 0,
		"14": 0,
		"15": 1
	},
	"isEnabled": true
}