{
	"tags": null,
	"position": [
		0,
		0,
		0
	],
	"rotation": [
		0,
		0,
		0
	],
	"rotationQuaternion": [
		0.7071068286895752,
		0,
		0,
		0.7071067094802856
	],
	"scaling": [
		0.009999999776482582,
		0.009999999776482582,
		0.009999999776482582
	],
	"billboardMode": 0,
	"scalingDeterminant": 1,
	"infiniteDistance": false,
	"ignoreNonUniformScaling": false,
	"reIntegrateRotationIntoRotationQuaternion": false,
	"name": "Sml_House1",
	"id": "718d9d1d-628c-4b6d-9452-3d5769f26723",
	"state": "",
	"metadata": {},
	"type": "TransformNode",
	"uniqueId": 1576,
	"parentId": "d824b6a4-064d-4237-9663-cbef1e08c148",
	"localMatrix": {
		"0": 1,
		"1": 0,
		"2": 0,
		"3": 0,
		"4": 0,
		"5": 1,
		"6": 0,
		"7": 0,
		"8": 0,
		"9": 0,
		"10": 1,
		"11": 0,
		"12": 0,
		"13": 0,
		"14": 0,
		"15": 1
	},
	"isEnabled": true
}