{
	"tags": null,
	"position": [
		-0.10228651016950607,
		-0.003284997772425413,
		-0.01979238912463188
	],
	"rotation": [
		0,
		0,
		0
	],
	"rotationQuaternion": [
		0.7071068286895752,
		0,
		0,
		0.7071067094802856
	],
	"scaling": [
		0.016047289595007896,
		0.016047289595007896,
		0.016047289595007896
	],
	"billboardMode": 0,
	"scalingDeterminant": 1,
	"infiniteDistance": false,
	"ignoreNonUniformScaling": false,
	"reIntegrateRotationIntoRotationQuaternion": false,
	"name": "Tree",
	"id": "0ee32561-e3a7-46c2-b081-25ffd434b59d",
	"state": "",
	"metadata": {
		"script": {
			"name": "None"
		}
	},
	"type": "TransformNode",
	"uniqueId": 1538,
	"parentId": "d824b6a4-064d-4237-9663-cbef1e08c148",
	"localMatrix": {
		"0": 1,
		"1": 0,
		"2": 0,
		"3": 0,
		"4": 0,
		"5": 1,
		"6": 0,
		"7": 0,
		"8": 0,
		"9": 0,
		"10": 1,
		"11": 0,
		"12": 0,
		"13": 0,
		"14": 0,
		"15": 1
	},
	"isEnabled": true
}