{
	"materials": [],
	"meshes": [
		{
			"name": "Bridge_pt_2_FREE",
			"id": "04ce07b9-bea5-46b1-8ac2-7d9ea7c63916",
			"uniqueId": 1550,
			"type": "Mesh",
			"position": [
				-0.17114613950252533,
				0.0018610196420922875,
				0.04048404470086098
			],
			"rotationQuaternion": [
				0.7071068286895752,
				0,
				0,
				0.7071067094802856
			],
			"scaling": [
				0.009999999776482582,
				0.009999999776482582,
				0.009999999776482582
			],
			"localMatrix": {
				"0": 1,
				"1": 0,
				"2": 0,
				"3": 0,
				"4": 0,
				"5": 1,
				"6": 0,
				"7": 0,
				"8": 0,
				"9": 0,
				"10": 1,
				"11": 0,
				"12": 0,
				"13": 0,
				"14": 0,
				"15": 1
			},
			"isEnabled": true,
			"isVisible": true,
			"infiniteDistance": false,
			"pickable": true,
			"receiveShadows": false,
			"billboardMode": 0,
			"visibility": 1,
			"checkCollisions": true,
			"isBlocker": false,
			"overrideMaterialSideOrientation": 0,
			"parentId": "d824b6a4-064d-4237-9663-cbef1e08c148",
			"isUnIndexed": false,
			"geometryId": "f0ef62a1-8bf2-4cde-ad2e-ff0a2fd09398",
			"subMeshes": null,
			"materialId": "d1883bf9-1230-47d6-b0f4-de30ea3a7ac5",
			"metadata": {
				"basePoseMatrix": {
					"0": -100,
					"1": 0,
					"2": 0,
					"3": 0,
					"4": 0,
					"5": -0.000013435886103252415,
					"6": -100,
					"7": 0,
					"8": 0,
					"9": 100,
					"10": -0.000013435886103252415,
					"11": 0,
					"12": 17.114614486694336,
					"13": -4.048404693603516,
					"14": 0.1861025094985962,
					"15": 1
				},
				"originalSourceFile": {
					"id": "Bridge_pt_2_FREE",
					"name": "Bridge_pt_2_FREE",
					"sceneFileName": "meshes/environment/pack.glb"
				},
				"isPickable": false,
				"script": {
					"name": "None"
				},
				"renderingGroupId": 0
			},
			"instances": [],
			"animations": [],
			"ranges": [],
			"layerMask": 268435455,
			"alphaIndex": 1.7976931348623157e+308,
			"hasVertexAlpha": false,
			"overlayAlpha": 0.3,
			"overlayColor": [
				1,
				0,
				0
			],
			"applyFog": true,
			"delayLoadingFile": "geometries/f0ef62a1-8bf2-4cde-ad2e-ff0a2fd09398.babylonbinarymeshdata",
			"boundingBoxMaximum": [
				0.15504387021064758,
				0.9671158194541931,
				0.1861019730567932
			],
			"boundingBoxMinimum": [
				-0.15504387021064758,
				-0.9671158194541931,
				-0.1861019730567932
			],
			"_binaryInfo": {
				"positionsAttrDesc": {
					"count": 72,
					"stride": 3,
					"offset": 0,
					"dataType": 1
				},
				"normalsAttrDesc": {
					"count": 72,
					"stride": 3,
					"offset": 288,
					"dataType": 1
				},
				"uvsAttrDesc": {
					"count": 48,
					"stride": 2,
					"offset": 576,
					"dataType": 1
				},
				"indicesAttrDesc": {
					"count": 36,
					"stride": 1,
					"offset": 768,
					"dataType": 0
				},
				"subMeshesAttrDesc": {
					"count": 1,
					"stride": 5,
					"offset": 912,
					"dataType": 0
				}
			},
			"positions": null,
			"normals": null,
			"uvs": null,
			"hasUVs": true,
			"indices": null
		}
	],
	"multiMaterials": [],
	"lods": []
}