{
	"materials": [],
	"meshes": [
		{
			"name": "Sml_Rock",
			"id": "2db780a7-5dd0-4f92-9a24-b6b631f14f91",
			"uniqueId": 1545,
			"type": "Mesh",
			"position": [
				-0.11933591216802597,
				0,
				-0.00019125609833281487
			],
			"rotationQuaternion": [
				0.7071068286895752,
				0,
				0,
				0.7071067094802856
			],
			"scaling": [
				0.0035872438456863165,
				0.0035872438456863165,
				0.0035872438456863165
			],
			"localMatrix": {
				"0": 1,
				"1": 0,
				"2": 0,
				"3": 0,
				"4": 0,
				"5": 1,
				"6": 0,
				"7": 0,
				"8": 0,
				"9": 0,
				"10": 1,
				"11": 0,
				"12": 0,
				"13": 0,
				"14": 0,
				"15": 1
			},
			"isEnabled": true,
			"isVisible": true,
			"infiniteDistance": false,
			"pickable": true,
			"receiveShadows": false,
			"billboardMode": 0,
			"visibility": 1,
			"checkCollisions": true,
			"isBlocker": false,
			"overrideMaterialSideOrientation": 0,
			"parentId": "d824b6a4-064d-4237-9663-cbef1e08c148",
			"isUnIndexed": false,
			"geometryId": "38fdfa4a-bb78-4d84-8911-970b5f19d9a0",
			"subMeshes": null,
			"materialId": "f519c974-67ee-40e8-b978-f33bcfb14835",
			"metadata": {
				"basePoseMatrix": {
					"0": -278.76556396484375,
					"1": 0,
					"2": 0,
					"3": 0,
					"4": 0,
					"5": -0.00003745462163351476,
					"6": -278.76556396484375,
					"7": 0,
					"8": 0,
					"9": 278.76556396484375,
					"10": -0.00003745462163351476,
					"11": 0,
					"12": 33.26674270629883,
					"13": 0.05331561341881752,
					"14": -7.16342496431821e-9,
					"15": 1
				},
				"originalSourceFile": {
					"id": "Sml_Rock",
					"name": "Sml_Rock",
					"sceneFileName": "meshes/environment/pack.glb"
				},
				"isPickable": false,
				"script": {
					"name": "None"
				},
				"renderingGroupId": 0
			},
			"instances": [],
			"animations": [],
			"ranges": [],
			"layerMask": 268435455,
			"alphaIndex": 1.7976931348623157e+308,
			"hasVertexAlpha": false,
			"overlayAlpha": 0.3,
			"overlayColor": [
				1,
				0,
				0
			],
			"applyFog": true,
			"delayLoadingFile": "geometries/38fdfa4a-bb78-4d84-8911-970b5f19d9a0.babylonbinarymeshdata",
			"boundingBoxMaximum": [
				0.25574541091918945,
				4.271852493286133,
				0.5531468987464905
			],
			"boundingBoxMinimum": [
				-6.018865585327148,
				-1.6464678049087524,
				-2.963122844696045
			],
			"_binaryInfo": {
				"positionsAttrDesc": {
					"count": 252,
					"stride": 3,
					"offset": 0,
					"dataType": 1
				},
				"normalsAttrDesc": {
					"count": 252,
					"stride": 3,
					"offset": 1008,
					"dataType": 1
				},
				"uvsAttrDesc": {
					"count": 168,
					"stride": 2,
					"offset": 2016,
					"dataType": 1
				},
				"indicesAttrDesc": {
					"count": 186,
					"stride": 1,
					"offset": 2688,
					"dataType": 0
				},
				"subMeshesAttrDesc": {
					"count": 1,
					"stride": 5,
					"offset": 3432,
					"dataType": 0
				}
			},
			"positions": null,
			"normals": null,
			"uvs": null,
			"hasUVs": true,
			"indices": null
		}
	],
	"multiMaterials": [],
	"lods": []
}