{
	"materials": [],
	"meshes": [
		{
			"name": "Tree_primitive1",
			"id": "387101ca-e694-4c16-9562-d7cdb8768b00",
			"uniqueId": 1542,
			"type": "Mesh",
			"position": [
				0,
				0,
				0
			],
			"rotation": [
				0,
				0,
				0
			],
			"scaling": [
				1,
				1,
				1
			],
			"localMatrix": {
				"0": 1,
				"1": 0,
				"2": 0,
				"3": 0,
				"4": 0,
				"5": 1,
				"6": 0,
				"7": 0,
				"8": 0,
				"9": 0,
				"10": 1,
				"11": 0,
				"12": 0,
				"13": 0,
				"14": 0,
				"15": 1
			},
			"isEnabled": true,
			"isVisible": true,
			"infiniteDistance": false,
			"pickable": true,
			"receiveShadows": false,
			"billboardMode": 0,
			"visibility": 1,
			"checkCollisions": true,
			"isBlocker": false,
			"overrideMaterialSideOrientation": 0,
			"parentId": "0ee32561-e3a7-46c2-b081-25ffd434b59d",
			"isUnIndexed": false,
			"geometryId": "41af003d-2ba8-4279-b9b3-68a2535ac503",
			"subMeshes": null,
			"materialId": "410b6249-e78c-45ab-98a9-79ca95d91c77",
			"metadata": {
				"basePoseMatrix": {
					"0": -62.315818786621094,
					"1": 0,
					"2": 0,
					"3": 0,
					"4": 0,
					"5": -0.000008372682714252733,
					"6": -62.315818786621094,
					"7": 0,
					"8": 0,
					"9": 62.315818786621094,
					"10": -0.000008372682714252733,
					"11": 0,
					"12": 6.374067783355713,
					"13": 1.2333788871765137,
					"14": -0.20470748841762543,
					"15": 1
				},
				"originalSourceFile": {
					"id": "Tree_primitive1",
					"name": "Tree_primitive1",
					"sceneFileName": "meshes/environment/pack.glb"
				},
				"isPickable": false,
				"script": {
					"name": "None"
				},
				"renderingGroupId": 0
			},
			"instances": [],
			"animations": [],
			"ranges": [],
			"layerMask": 268435455,
			"alphaIndex": 1.7976931348623157e+308,
			"hasVertexAlpha": false,
			"overlayAlpha": 0.3,
			"overlayColor": [
				1,
				0,
				0
			],
			"applyFog": true,
			"delayLoadingFile": "geometries/41af003d-2ba8-4279-b9b3-68a2535ac503.babylonbinarymeshdata",
			"boundingBoxMaximum": [
				0.5288543701171875,
				6.948310375213623,
				-1.4361813068389893
			],
			"boundingBoxMinimum": [
				-4.076916694641113,
				2.7157256603240967,
				-4.1780686378479
			],
			"_binaryInfo": {
				"positionsAttrDesc": {
					"count": 489,
					"stride": 3,
					"offset": 0,
					"dataType": 1
				},
				"normalsAttrDesc": {
					"count": 489,
					"stride": 3,
					"offset": 1956,
					"dataType": 1
				},
				"uvsAttrDesc": {
					"count": 326,
					"stride": 2,
					"offset": 3912,
					"dataType": 1
				},
				"indicesAttrDesc": {
					"count": 696,
					"stride": 1,
					"offset": 5216,
					"dataType": 0
				},
				"subMeshesAttrDesc": {
					"count": 1,
					"stride": 5,
					"offset": 8000,
					"dataType": 0
				}
			},
			"positions": null,
			"normals": null,
			"uvs": null,
			"hasUVs": true,
			"indices": null
		}
	],
	"multiMaterials": [],
	"lods": []
}